{"cameraMode":{"drawMode":0,"name":"Shaded","section":"Shading Mode"},"sceneLighting":true,"audioPlay":false,"sceneViewState":{"m_AlwaysRefresh":false,"showFog":true,"showSkybox":true,"showFlares":true,"showImageEffects":true,"showParticleSystems":true,"showVisualEffectGraphs":true,"m_FxEnabled":true},"in2DMode":false,"pivot":{"x":3.4889285564422609,"y":-0.289724737405777,"z":3.3590238094329836},"rotation":{"x":0.3265492618083954,"y":-0.029000379145145417,"z":0.010026547126471997,"w":0.9446939826011658},"size":2.143495798110962,"orthographic":false}